<?xml version="1.0" encoding="UTF-8" standalone="no"?>
<presets xmlns="http://josm.openstreetmap.de/tagging-preset-1.0"
    author="slayzex and yalvex"
    shortdescription="UA:Education"
    uk.shortdescription="UA:Освіта"
    description="Preset for educational institutions in Ukraine"
    uk.description="Заготовка для додавання навчальних закладів в Україні"
    link="https://github.com/slayzx/josm_school_ua"
    version="0.70_2021-05-30">

    <!-- Template -->
    <chunk id="name">
        <text key="name"
            text="Name" />
        <text key="name:uk"
            text="Ukrainian name"
            uk.text="Назва українською" />
        <text key="official_name"
            text="Official name" />
        <text key="short_name"
            text="Common name abbreviation" />
    </chunk>
    <chunk id="operator">
        <text key="operator"
            text="Operator" />
        <combo key="operator:type"
            text="Type of operator"
            uk.text="Тип оператора"
            values="public,private,government,consortium"
            uk.display_values="публічний (комунальний),приватний,державний,корпоративний"
            values_sort="false" />
    </chunk>
    <chunk id="name_and_operator">
        <reference ref="name" />
        <reference ref="operator" />
        <item_separator />
        <reference ref="start_date" />
    </chunk>
    <chunk id="contact">
        <text key="contact:phone"
            text="Phone number, e.g. +380 44 123 4567"
            uk.text="Телефон, наприклад +380 44 123 4567"
            match_expression="phone|'contact:phone'" />
        <text key="contact:email"
            text="Email Address"
            match_expression="email" />
        <text key="contact:website"
            text="Website"
            match_expression="website" />
        <text key="contact:facebook"
            text="Facebook"
            match_expression="facebook" />
    </chunk>
    <chunk id="checkbox">
        <space />
        <checkgroup columns="2">
            <check key="fee"
                text="Fee"
                uk.text="Плата за навчання"
                value_off=""
                delete_if_empty="true" />
            <check key="isced:level"
                text="Add ISCED level tags"
                uk.text="Додати рівень освіти ISCED"
                value_on="0"
                value_off=""
                delete_if_empty="true" />
        </checkgroup>
    </chunk>
    <chunk id="capacity">
        <text key="capacity"
            text="Capacity" />
    </chunk>
    <chunk id="start_date">
        <text key="start_date"
            text="Start date"
            uk.text="Рік заснування закладу" />
    </chunk>
    <chunk id="ref_edbo">
        <text key="ref:edbo"
            text="id institution in the EDBO register"
            uk.text="Код закладу в реєстрі ЄДЕБО" />
    </chunk>
    <chunk id="ref_isuo">
        <text key="ref:isuo"
            text="id institution in the ISUO system"
            uk.text="Номер закладу в системі ІСУО" />
    </chunk>
    <chunk id="min_max_age">
        <text key="min_age"
            text="Minimum age" />
        <text key="mах_age"
            text="Maximum age" />
    </chunk>
    <chunk id="surface">
        <combo key="surface"
            text="Surface"
            values="artificial_turf,asphalt,concrete,grass,sand,ground" />
    </chunk>
    <chunk id="access">
        <combo key="access"
            text="General Access"
            values="yes,private,permissive,customers" />
    </chunk>
    <!-- End Template -->

    <group name="UA:Education"
        uk.name="UA:Освіта"
        icon="icons/education.png"
        sort="false">
        <item name="UA:Childcare"
            uk.name="Ясла"
            type="node,closedway,multipolygon"
            icon="icons/childcare.png"
            preset_name_label="true">
            <link wiki="Tag:amenity=childcare"
                uk.text="Детальніше про теґування дитячих ясел" />
            <key key="amenity"
                value="childcare" />
            <reference ref="name_and_operator" />
            <reference ref="checkbox" />
            <item_separator />
            <reference ref="contact" />
            <item_separator />
            <reference ref="ref_edbo" />
            <reference ref="ref_isuo" />
            <item_separator />
            <reference ref="capacity" />
            <reference ref="min_max_age" />
        </item> <!-- Childcare -->
        <item name="UA:Kindergartens"
            uk.name="Дитячий садок"
            type="node,closedway,multipolygon"
            icon="icons/kindergarten.png"
            preset_name_label="true">
            <link wiki="Uk:Tag:amenity=kindergarten"
                uk.text="Детальніше про теґування дитячих садків" />
            <key key="amenity"
                value="kindergarten" />
            <combo key="nursery"
                uk.text="Тип садочка"
                values=",yes"
                uk.display_values="Дитячий садок,Ясла-садок"
                values_sort="false" />
            <reference ref="name_and_operator" />
            <reference ref="checkbox" />
            <item_separator />
            <reference ref="contact" />
            <item_separator />
            <reference ref="ref_edbo" />
            <reference ref="ref_isuo" />
            <item_separator />
            <reference ref="capacity" />
            <reference ref="min_max_age" />
        </item> <!-- Kindergartens -->
        <separator />
        <item name="UA:Schools"
            uk.name="Школа"
            type="node,closedway,multipolygon"
            icon="icons/school.png"
            preset_name_label="true">
            <link wiki="Uk:Tag:amenity=school"
                uk.text="Детальніше про теґування шкіл" />
            <key key="amenity"
                value="school" />
            <reference ref="name_and_operator" />
            <check key="fee"
                text="Fee"
                uk.text="Плата за навчання"
                value_off=""
                delete_if_empty="true" />
            <item_separator />
            <reference ref="contact" />
            <item_separator />
            <reference ref="ref_edbo" />
            <reference ref="ref_isuo" />
            <item_separator />
            <label text="Use Ctrl or Shift to select multiple values"
                uk.text="Щоб вибрати кілька значень використовуйте Ctrl або Shift" />
            <multiselect key="isced:level"
                text="ISCED level"
                uk.text="Рівень освіти (ISCED)"
                values="0;1;2;3"
                rows="5"
                delete_if_empty="true" />
            <reference ref="capacity" />
            <reference ref="min_max_age" />
        </item> <!-- School -->
        <separator />
        <item name="UA:Vocational and incomplete higher"
            uk.name="Фахова та професійна освіта"
            type="node,closedway,multipolygon"
            icon="icons/college.png"
            preset_name_label="true">
            <link wiki="Uk:Key:isced:level"
                uk.text="Детальніше про рівні освіти ISCED" />
            <link wiki="Tag:amenity=college"
                uk.text="Детальніше про фахової та професійної освіти" />
            <key key="amenity"
                value="college" />

            <combo key="amenity"
                uk.text="Тип закладу"
                values="school,college"
                uk.display_values="ліцей або училище,коледж, технікум (фаховий диплом)"
                values_sort="false" />
            <!-- Можливо ще таким чином. Але додати пояснення
                <combo key="amenity"
                    uk.text="Кількість років навчання, при вступі в навчальний  заклад, після 9 класу школи"
                    values="school,college"
                    uk.display_values="3 (три) роки,4 (чотири) роки"
                    values_sort="false" />
                -->
            <reference ref="name_and_operator" />
            <item_separator />
            <reference ref="contact" />
            <item_separator />
            <reference ref="ref_edbo" />
            <item_separator />
            <label text="Use Ctrl or Shift to select multiple values"
                uk.text="Щоб вибрати кілька значень використовуйте Ctrl або Shift" />
            <multiselect key="isced:level"
                text="ISCED level"
                uk.text="Рівень освіти (ISCED)"
                values="3;4;5"
                rows="4"
                delete_if_empty="true" />
            <reference ref="capacity" />
            <reference ref="min_max_age" />
        </item> <!-- Colleges -->
        <separator />
        <item name="UA:Higher education"
            uk.name="Вища освіта"
            type="node,closedway,multipolygon"
            icon="icons/university.png"
            preset_name_label="true">
            <link wiki="Uk:Key:isced:level"
                uk.text="Детальніше про рівні освіти ISCED" />
            <link wiki="Uk:Tag:amenity=university"
                uk.text="Детальніше про теґування Вищих навчальних закладів" />
            <key key="amenity"
                value="university" />
            <reference ref="name_and_operator" />
            <item_separator />
            <reference ref="contact" />
            <item_separator />
            <reference ref="ref_edbo" />
            <item_separator />
            <label text="Use Ctrl or Shift to select multiple values"
                uk.text="Щоб вибрати кілька значень використовуйте Ctrl або Shift" />
            <multiselect key="isced:level"
                text="ISCED level"
                uk.text="Рівень освіти (ISCED)"
                values="3;4;5;6;7;8"
                rows="7"
                delete_if_empty="true" />
        </item> <!-- Universities -->
        <separator />
        <item name="Playground"
            type="node,closedway,multipolygon"
            icon="icons/playground.png"
            preset_name_label="true">
            <link wiki="Key:playground:theme"
                uk.text="Детальніше про тему ігрового майданчику" />
            <link wiki="Tag:leisure=playground" />
            <key key="leisure"
                value="playground" />
            <text key="playground:theme"
                text="Theme of a playground"
                uk.text="Тема ігрового майданчику" />
            <space />
            <reference ref="surface" />
            <reference ref="access" />
            <reference ref="min_max_age" />
        </item> <!-- Playground -->
        <item name="Fitness station"
            uk.name="Спортивна площадка"
            type="node,closedway,multipolygon"
            icon="icons/fitness.png"
            preset_name_label="true">
            <link wiki="Tag:leisure=fitness_station" />
            <key key="leisure"
                value="fitness_station" />
            <key key="sport"
                value="fitness" />
            <reference ref="surface" />
            <reference ref="access" />
        </item> <!-- Fitness -->
        <item name="Pitch"
            type="node,closedway,multipolygon"
            icon="icons/sport.png"
            preset_name_label="true">
            <link wiki="Uk:Key:leisure" />
            <key key="leisure"
                value="pitch" />
            <combo key="leisure"
                text="Type"
                values="pitch,sports_centre,track"
                uk.display_values="майданчик, спортзал, бігова доріжка"
                default="pitch" />
            <multiselect key="sport"
                text="Sport"
                values="multi;soccer;basketball;volleyball;tennis;table_tennis;swimming;running"
                uk.display_values="багатоборство (або декілька видів спорту); футбол;баскетбол;волейбол;теніс;настільний теніс;плавання;біг"
                values_context="sport"
                values_sort="false"
                use_last_as_default="true" />
            <reference ref="surface" />
            <reference ref="access" />
        </item> <!-- Sport -->
        <separator />

        <!-- OneClick -->
        <group name="Presets"
            uk.name="Заготовки"
            icon="icons/item.png"
            preset_name_label="true">
            <item name="Childcare"
                uk.name="Ясла"
                type="node,closedway,multipolygon"
                preset_name_label="true"
                icon="icons/childcare.png">
                <key key="amenity"
                    value="school" />
                <key key="isced:level"
                    value="0" />
                <key key="min_age"
                    value="1" />
            </item> <!-- Childcare -->
            <item name="Nursery"
                uk.name="Ясла-садок"
                type="node,closedway,multipolygon"
                preset_name_label="true"
                icon="icons/kindergarten.png">
                <key key="amenity"
                    value="kindergarten" />
                <key key="nursery"
                    value="yes" />
                <key key="isced:level"
                    value="0" />
                <key key="min_age"
                    value="1" />
            </item> <!-- Nursery -->
            <item name="Kindergarten"
                uk.name="Дитячий садок"
                type="node,closedway,multipolygon"
                preset_name_label="true"
                icon="icons/kindergarten.png">
                <key key="amenity"
                    value="kindergarten" />
                <key key="isced:level"
                    value="0" />
                <key key="min_age"
                    value="3" />
            </item> <!-- Kindergarten -->
            <separator />
            <separator />
            <item name="NVK (І-ІІ)"
                uk.name="НВК (І-ІІ ступенів)"
                type="node,closedway,multipolygon"
                preset_name_label="true"
                icon="icons/school.png">
                <key key="amenity"
                    value="school" />
                <key key="isced:level"
                    value="0;1;2" />
                <key key="min_age"
                    value="3" />
            </item> <!-- NVK_2 -->
            <item name="NVK (І-ІІІ)"
                uk.name="НВК (І-ІІІ ступенів)"
                type="node,closedway,multipolygon"
                preset_name_label="true"
                icon="icons/school.png">
                <key key="amenity"
                    value="school" />
                <key key="isced:level"
                    value="0;1;2;3" />
                <key key="min_age"
                    value="3" />
            </item> <!-- NVK_3 -->
            <separator />
            <item name="School (І-ІІ)"
                uk.name="Школа (І-ІІ ступенів)"
                type="node,closedway,multipolygon"
                preset_name_label="true"
                icon="icons/school.png">
                <key key="amenity"
                    value="school" />
                <key key="isced:level"
                    value="1;2" />
            </item> <!-- School_2 -->
            <item name="School (І-ІІІ)"
                uk.name="Школа (І-ІІІ ступенів)"
                type="node,closedway,multipolygon"
                preset_name_label="true"
                icon="icons/school.png">
                <key key="amenity"
                    value="school" />
                <key key="isced:level"
                    value="1;2;3" />
            </item> <!-- School_3 -->
            <separator />
            <separator />
        </group> <!-- OneClick -->
    </group> <!-- UA:Education -->
</presets>
